"period","Population","q25","q25.lci","q25.uci","q50","q50.lci","q50.uci","pJan1","pJan1.lci","pJan1.uci","IQR","IQR.lci","IQR.uci"
"Difference","Quillayute",32.5021396706598,24.3499107382778,40.3142793681395,25.2791174602094,16.1388134702784,32.7674271176153,-0.183986797956268,-0.228086543778316,-0.137623100819245,-16.4075966941034,-28.8589193512347,-5.91018983301806
"Difference","Hoh",71.0808046826604,61.5959640346629,82.1639800153467,61.0057133112488,47.3828020367771,70.7030309169035,-0.429861029472366,-0.504894058176525,-0.348892542300802,-25.7263337560596,-52.6115210522906,-11.188604772403
"Difference","Queets",62.9609150204577,36.5762343679018,86.8076493115735,54.4750331105638,-22.6516591321771,69.8717859194509,-0.306000640892155,-0.418912758232383,-0.17817710329627,-21.5760448275794,-83.468534137463,4.2486406230323
"Historic","Quillayute",0.942754442379922,-4.93782723755943,6.80636752118495,35.2809439178454,29.181312892793,43.194240511027,0.250376062597875,0.212498932928943,0.288754329295895,68.8301141960102,60.1706017953041,79.9707454863554
"Historic","Hoh",-24.9615554652609,-35.842225540317,-15.7245535421248,7.45097005819751,-2.12871260532204,21.2210862798484,0.450280158851765,0.369577641631258,0.525397688717467,68.7395518555146,54.2942783679125,95.4691636687224
"Historic","Queets",-10.06343666503,-33.0730136039043,17.0275188809306,24.0836278219844,9.68893079185458,101.363948476112,0.327778961517552,0.199958102679343,0.439326946452871,69.9328081501226,45.9726956899225,131.579953476942
"Current","Quillayute",33.4448941130397,27.9876946518418,38.7273542218798,60.5600613780548,56.2374796893731,64.9035150551726,0.0663892646416072,0.0433006875047612,0.0945217188997884,52.4225175019068,47.198679446309,58.2970085022802
"Current","Hoh",46.1192492173994,44.4252374993399,47.8554295326243,68.4566833694464,67.0971574883734,69.8248630236157,0.0204191293793997,0.016073627532576,0.0253325800384965,43.013218099455,41.2947837489412,44.7272455375115
"Current","Queets",52.8974783554277,45.9199864699393,59.5875032307444,78.5586609325481,73.5538035084493,83.5743340212786,0.0217783206253971,0.00841833008518466,0.0440849455441204,48.3567633225432,41.7125388614292,56.2202075665831
